{
    "搜索请求头参数": "手机",
    "搜索链接": "https://www.tugousou.com/search;post",
    "POST请求数据": "keyword={wd}",
    "搜索截取模式": "1",
    "搜索列表数组规则": ".layui-container,1&&.layui-row:has(a)",
    "搜索片单是否Jsoup写法": "1",
    "搜索片单图片": "",
    "搜索片单标题": "a&&Text",
    "搜索片单链接": "a&&href",
    "搜索片单副标题": "p,-1&&Text",
    "搜索片单链接加前缀": "",
    "搜索片单链接加后缀": ""
}