{
    "规则名": "异视琳琅",
    "规则作者": "香雅情",
    "请求头参数": "User-Agent$电脑",
    "网页编码格式": "UTF-8",
    "图片是否需要代理": "0",
    "是否开启获取首页数据": "1",
    "首页推荐链接": "https://www.14ll.tv",
    "首页列表数组规则": "body&&.vodlist",
    "首页片单列表数组规则": ".pack-ykpack",
    "首页片单是否Jsoup写法": "1",
    "分类起始页码": "1",
    "分类链接": "https://www.14ll.tv/vodshow-{cateId}/page/{catePg}/",
    "分类名称": "电影&电视剧&动漫&综艺&记录",
    "分类名称替换词": "1&2&3&4&5",
    "筛选数据": "ext",
    "筛选子分类名称": "",
    "筛选子分类替换词": "",
    "筛选类型名称": "",
    "筛选类型替换词": "*",
    "筛选地区名称": "",
    "筛选地区替换词": "*",
    "筛选年份名称": "",
    "筛选年份替换词": "*",
    "筛选语言名称": "",
    "筛选语言替换词": "*",
    "筛选排序名称": "时间&人气&评分",
    "筛选排序替换词": "time&hits&score",
    "分类截取模式": "1",
    "分类列表数组规则": ".vodlist&&.pack-ykpack",
    "分类片单是否Jsoup写法": "1",
    "分类片单标题": ".vodname&&a&&Text",
    "分类片单链接": "a&&href",
    "分类片单图片": ".eclazy&&data-original",
    "分类片单副标题": ".pack-prb&&Text",
    "分类片单链接加前缀": "https://www.14ll.tv",
    "分类片单链接加后缀": "",
    "搜索请求头参数": "User-Agent$电脑",
    "搜索链接": "https://www.14ll.tv/so/?wd={wd}",
    "POST请求数据": "",
    "搜索截取模式": "1",
    "搜索列表数组规则": ".ec-search&&li",
    "搜索片单是否Jsoup写法": "1",
    "搜索片单图片": ".eclazy&&data-original",
    "搜索片单标题": "a&&title",
    "搜索片单链接": "a&&href",
    "搜索片单副标题": ".author&&Text",
    "搜索片单链接加前缀": "https://www.14ll.tv",
    "搜索片单链接加后缀": "",
    "链接是否直接播放": "0",
    "直接播放链接加前缀": "https://live.52sf.ga/huya/",
    "直接播放链接加后缀": "#isVideo=true#",
    "直接播放直链视频请求头": "authority$ku.peizq.online#Referer$https://play.peizq.online",
    "详情是否Jsoup写法": "0",
    "类型详情": "",
    "年代详情": "",
    "地区详情": "地区：</span>&&</p>",
    "演员详情": "演员：</span>&&</p>",
    "简介详情": "简介：</span>&&</p>",
    "线路列表数组规则": ".play_source_tab&&a",
    "线路标题": "a&&Text",
    "播放列表数组规则": "body&&.content_playlist",
    "选集列表数组规则": "a",
    "选集标题链接是否Jsoup写法": "1",
    "选集标题": "Text",
    "选集链接": "href",
    "是否反转选集序列": "0",
    "选集链接加前缀": "https://www.14ll.tv",
    "选集链接加后缀": "",
    "分析MacPlayer": "0",
    "是否开启手动嗅探": "0",
    "手动嗅探视频链接关键词": ".mp4#.m3u8#.flv",
    "手动嗅探视频链接过滤词": ".html#?http"
}